program,iter,time_s,wall_s,parsed_from_stdout,cpu_set
baseline,0,0.181286357,0.181286357,0,"1,2"
prio,0,0.166900444,0.166900444,0,"1,2"
baseline,1,0.178245679,0.178245679,0,"1,2"
prio,1,0.170259891,0.170259891,0,"1,2"
baseline,2,0.169418612,0.169418612,0,"1,2"
prio,2,0.169772634,0.169772634,0,"1,2"
baseline,3,0.195035656,0.195035656,0,"1,2"
prio,3,0.167362004,0.167362004,0,"1,2"
baseline,4,0.193236715,0.193236715,0,"1,2"
prio,4,0.198879776,0.198879776,0,"1,2"
baseline,5,0.209821885,0.209821885,0,"1,2"
prio,5,0.163264439,0.163264439,0,"1,2"
baseline,6,0.174101157,0.174101157,0,"1,2"
prio,6,0.165975333,0.165975333,0,"1,2"
baseline,7,0.169975948,0.169975948,0,"1,2"
prio,7,0.164812487,0.164812487,0,"1,2"
baseline,8,0.170185984,0.170185984,0,"1,2"
prio,8,0.164881223,0.164881223,0,"1,2"
baseline,9,0.166146439,0.166146439,0,"1,2"
prio,9,0.160042305,0.160042305,0,"1,2"
baseline,10,0.195173563,0.195173563,0,"1,2"
prio,10,0.204949873,0.204949873,0,"1,2"
baseline,11,0.189382939,0.189382939,0,"1,2"
prio,11,0.166805973,0.166805973,0,"1,2"
baseline,12,0.168709036,0.168709036,0,"1,2"
prio,12,0.173318426,0.173318426,0,"1,2"
baseline,13,0.171984703,0.171984703,0,"1,2"
prio,13,0.165702313,0.165702313,0,"1,2"
baseline,14,0.170136200,0.170136200,0,"1,2"
prio,14,0.166532122,0.166532122,0,"1,2"
baseline,15,0.167675260,0.167675260,0,"1,2"
prio,15,0.162361639,0.162361639,0,"1,2"
baseline,16,0.210299197,0.210299197,0,"1,2"
prio,16,0.185512031,0.185512031,0,"1,2"
baseline,17,0.169001004,0.169001004,0,"1,2"
prio,17,0.168539390,0.168539390,0,"1,2"
baseline,18,0.172316442,0.172316442,0,"1,2"
prio,18,0.164872084,0.164872084,0,"1,2"
baseline,19,0.175402462,0.175402462,0,"1,2"
prio,19,0.168708835,0.168708835,0,"1,2"
baseline,20,0.169608369,0.169608369,0,"1,2"
prio,20,0.166189473,0.166189473,0,"1,2"
baseline,21,0.170362125,0.170362125,0,"1,2"
prio,21,0.177027520,0.177027520,0,"1,2"
baseline,22,0.227757944,0.227757944,0,"1,2"
prio,22,0.176408937,0.176408937,0,"1,2"
baseline,23,0.176399688,0.176399688,0,"1,2"
prio,23,0.168510116,0.168510116,0,"1,2"
baseline,24,0.170941374,0.170941374,0,"1,2"
prio,24,0.165869794,0.165869794,0,"1,2"
baseline,25,0.168169459,0.168169459,0,"1,2"
prio,25,0.170107596,0.170107596,0,"1,2"
baseline,26,0.178123884,0.178123884,0,"1,2"
prio,26,0.164338521,0.164338521,0,"1,2"
baseline,27,0.170804634,0.170804634,0,"1,2"
prio,27,0.189752194,0.189752194,0,"1,2"
baseline,28,0.196116368,0.196116368,0,"1,2"
prio,28,0.162146696,0.162146696,0,"1,2"
baseline,29,0.171550299,0.171550299,0,"1,2"
prio,29,0.167816894,0.167816894,0,"1,2"
baseline,30,0.176678081,0.176678081,0,"1,2"
prio,30,0.165909210,0.165909210,0,"1,2"
baseline,31,0.170513329,0.170513329,0,"1,2"
prio,31,0.168809397,0.168809397,0,"1,2"
baseline,32,0.171836283,0.171836283,0,"1,2"
prio,32,0.163259454,0.163259454,0,"1,2"
baseline,33,0.188215533,0.188215533,0,"1,2"
prio,33,0.186415379,0.186415379,0,"1,2"
baseline,34,0.173398346,0.173398346,0,"1,2"
prio,34,0.166713630,0.166713630,0,"1,2"
baseline,35,0.169377751,0.169377751,0,"1,2"
prio,35,0.163147232,0.163147232,0,"1,2"
baseline,36,0.164654856,0.164654856,0,"1,2"
prio,36,0.166798446,0.166798446,0,"1,2"
baseline,37,0.172135829,0.172135829,0,"1,2"
prio,37,0.166563728,0.166563728,0,"1,2"
baseline,38,0.169511184,0.169511184,0,"1,2"
prio,38,0.166404277,0.166404277,0,"1,2"
baseline,39,0.202165586,0.202165586,0,"1,2"
prio,39,0.204936921,0.204936921,0,"1,2"
baseline,40,0.192843189,0.192843189,0,"1,2"
prio,40,0.168561429,0.168561429,0,"1,2"
baseline,41,0.172844487,0.172844487,0,"1,2"
prio,41,0.165978492,0.165978492,0,"1,2"
baseline,42,0.172398333,0.172398333,0,"1,2"
prio,42,0.166828827,0.166828827,0,"1,2"
baseline,43,0.166375521,0.166375521,0,"1,2"
prio,43,0.162977872,0.162977872,0,"1,2"
baseline,44,0.175257541,0.175257541,0,"1,2"
prio,44,0.189407815,0.189407815,0,"1,2"
baseline,45,0.206616670,0.206616670,0,"1,2"
prio,45,0.164197604,0.164197604,0,"1,2"
baseline,46,0.168711524,0.168711524,0,"1,2"
prio,46,0.166918871,0.166918871,0,"1,2"
baseline,47,0.172872035,0.172872035,0,"1,2"
prio,47,0.170977169,0.170977169,0,"1,2"
baseline,48,0.166988080,0.166988080,0,"1,2"
prio,48,0.165670631,0.165670631,0,"1,2"
baseline,49,0.171033465,0.171033465,0,"1,2"
prio,49,0.165751610,0.165751610,0,"1,2"
baseline,50,0.168929651,0.168929651,0,"1,2"
prio,50,0.188040603,0.188040603,0,"1,2"
baseline,51,0.192510291,0.192510291,0,"1,2"
prio,51,0.172169785,0.172169785,0,"1,2"
baseline,52,0.167560107,0.167560107,0,"1,2"
prio,52,0.168524674,0.168524674,0,"1,2"
baseline,53,0.172307791,0.172307791,0,"1,2"
prio,53,0.165481229,0.165481229,0,"1,2"
baseline,54,0.163439346,0.163439346,0,"1,2"
prio,54,0.165378401,0.165378401,0,"1,2"
baseline,55,0.170705361,0.170705361,0,"1,2"
prio,55,0.170233061,0.170233061,0,"1,2"
baseline,56,0.173142786,0.173142786,0,"1,2"
prio,56,0.195910203,0.195910203,0,"1,2"
baseline,57,0.224019142,0.224019142,0,"1,2"
prio,57,0.166810629,0.166810629,0,"1,2"
baseline,58,0.168197930,0.168197930,0,"1,2"
prio,58,0.165740563,0.165740563,0,"1,2"
baseline,59,0.173726614,0.173726614,0,"1,2"
prio,59,0.165560677,0.165560677,0,"1,2"
baseline,60,0.171852617,0.171852617,0,"1,2"
prio,60,0.165566830,0.165566830,0,"1,2"
baseline,61,0.170735514,0.170735514,0,"1,2"
prio,61,0.166606760,0.166606760,0,"1,2"
baseline,62,0.195095389,0.195095389,0,"1,2"
prio,62,0.193902530,0.193902530,0,"1,2"
baseline,63,0.169764636,0.169764636,0,"1,2"
prio,63,0.160795497,0.160795497,0,"1,2"
baseline,64,0.166276376,0.166276376,0,"1,2"
prio,64,0.154001644,0.154001644,0,"1,2"
baseline,65,0.175586771,0.175586771,0,"1,2"
prio,65,0.170631603,0.170631603,0,"1,2"
baseline,66,0.171294718,0.171294718,0,"1,2"
prio,66,0.163428554,0.163428554,0,"1,2"
baseline,67,0.165862612,0.165862612,0,"1,2"
prio,67,0.163636460,0.163636460,0,"1,2"
baseline,68,0.215253692,0.215253692,0,"1,2"
prio,68,0.184945861,0.184945861,0,"1,2"
baseline,69,0.183081992,0.183081992,0,"1,2"
prio,69,0.164221055,0.164221055,0,"1,2"
baseline,70,0.166514466,0.166514466,0,"1,2"
prio,70,0.166290167,0.166290167,0,"1,2"
baseline,71,0.170452650,0.170452650,0,"1,2"
prio,71,0.167444594,0.167444594,0,"1,2"
baseline,72,0.171476649,0.171476649,0,"1,2"
prio,72,0.170132826,0.170132826,0,"1,2"
baseline,73,0.173510341,0.173510341,0,"1,2"
prio,73,0.194213462,0.194213462,0,"1,2"
baseline,74,0.213495749,0.213495749,0,"1,2"
prio,74,0.184888570,0.184888570,0,"1,2"
baseline,75,0.171872635,0.171872635,0,"1,2"
prio,75,0.174905676,0.174905676,0,"1,2"
baseline,76,0.174007126,0.174007126,0,"1,2"
prio,76,0.163331252,0.163331252,0,"1,2"
baseline,77,0.162996466,0.162996466,0,"1,2"
prio,77,0.168417371,0.168417371,0,"1,2"
baseline,78,0.175501662,0.175501662,0,"1,2"
prio,78,0.170073439,0.170073439,0,"1,2"
baseline,79,0.177444006,0.177444006,0,"1,2"
prio,79,0.182337564,0.182337564,0,"1,2"
baseline,80,0.193986525,0.193986525,0,"1,2"
prio,80,0.165703970,0.165703970,0,"1,2"
baseline,81,0.160833357,0.160833357,0,"1,2"
prio,81,0.163961127,0.163961127,0,"1,2"
baseline,82,0.171545522,0.171545522,0,"1,2"
prio,82,0.165963115,0.165963115,0,"1,2"
baseline,83,0.168689534,0.168689534,0,"1,2"
prio,83,0.166771174,0.166771174,0,"1,2"
baseline,84,0.170557088,0.170557088,0,"1,2"
prio,84,0.164548768,0.164548768,0,"1,2"
baseline,85,0.208341396,0.208341396,0,"1,2"
prio,85,0.186392816,0.186392816,0,"1,2"
baseline,86,0.187083316,0.187083316,0,"1,2"
prio,86,0.168729284,0.168729284,0,"1,2"
baseline,87,0.170659654,0.170659654,0,"1,2"
prio,87,0.162847833,0.162847833,0,"1,2"
baseline,88,0.164183487,0.164183487,0,"1,2"
prio,88,0.166507648,0.166507648,0,"1,2"
baseline,89,0.169815357,0.169815357,0,"1,2"
prio,89,0.165921398,0.165921398,0,"1,2"
baseline,90,0.169543153,0.169543153,0,"1,2"
prio,90,0.160166643,0.160166643,0,"1,2"
baseline,91,0.199895670,0.199895670,0,"1,2"
prio,91,0.205425751,0.205425751,0,"1,2"
baseline,92,0.185907414,0.185907414,0,"1,2"
prio,92,0.165040956,0.165040956,0,"1,2"
baseline,93,0.174699613,0.174699613,0,"1,2"
prio,93,0.164141044,0.164141044,0,"1,2"
baseline,94,0.164774676,0.164774676,0,"1,2"
prio,94,0.158710920,0.158710920,0,"1,2"
baseline,95,0.161910627,0.161910627,0,"1,2"
prio,95,0.167335302,0.167335302,0,"1,2"
baseline,96,0.173546401,0.173546401,0,"1,2"
prio,96,0.186929267,0.186929267,0,"1,2"
baseline,97,0.207017502,0.207017502,0,"1,2"
prio,97,0.164833928,0.164833928,0,"1,2"
baseline,98,0.164907960,0.164907960,0,"1,2"
prio,98,0.162053433,0.162053433,0,"1,2"
baseline,99,0.169371969,0.169371969,0,"1,2"
prio,99,0.165895651,0.165895651,0,"1,2"
